{
  "days": [
    {
      "id": 1,
      "day": 1
    },
    {
      "id": 2,
      "day": 2
    },
    {
      "id": 3,
      "day": 3
    },
    {
      "id": 4,
      "day": 4
    },
    {
      "day": 5,
      "id": 5
    },
    {
      "day": 6,
      "id": 6
    }
  ],
  "words": [
    {
      "id": 3,
      "day": 1,
      "eng": "bus",
      "kor": "버스",
      "isDone": false
    },
    {
      "id": 4,
      "day": 2,
      "eng": "pen",
      "kor": "펜",
      "isDone": false
    },
    {
      "id": 5,
      "day": 3,
      "eng": "school",
      "kor": "학교",
      "isDone": false
    },
    {
      "id": 6,
      "day": 3,
      "eng": "pencil",
      "kor": "연필",
      "isDone": false
    },
    {
      "id": 7,
      "day": 4,
      "eng": "banana",
      "kor": "바나나",
      "isDone": false
    },
    {
      "day": "2",
      "eng": "121",
      "kor": "212",
      "isDone": false,
      "id": 8
    },
    {
      "day": "1",
      "eng": "computer",
      "kor": "컴퓨터",
      "isDone": false,
      "id": 9
    },
    {
      "day": "6",
      "eng": "수박",
      "kor": "grape",
      "isDone": false,
      "id": 10
    },
    {
      "day": "3",
      "eng": "computer",
      "kor": "소파",
      "isDone": false,
      "id": 11
    },
    {
      "day": "5",
      "eng": "disgusting",
      "kor": "역겹다",
      "isDone": false,
      "id": 12
    }
  ]
}